transaction_id,timestamp,email,ip_address,device_id,card_number,amount,is_prepaid_card
tx0000,2025-03-31 23:32:45,jessica13@yahoo.com,40.148.85.10,dev730,4427********1749,148.48,False
tx0001,2025-03-26 12:05:15,tonyawright@outlook.com,219.30.232.69,dev845,4939********4523,317.67,False
tx0002,2025-04-16 13:54:29,belldustin@outlook.com,109.38.75.241,dev406,4444********9947,267.07,False
tx0003,2025-04-09 12:25:26,crossgabriel@gmail.com,215.142.67.41,dev156,4260********7193,268.07,True
tx0004,2025-03-31 04:41:17,williammckee@gmail.com,213.96.152.202,dev519,4573********4849,328.41,True
tx0005,2025-04-02 12:34:38,kyle46@tempmail.com,104.17.159.72,dev882,4138********5616,52.25,True
tx0006,2025-04-03 23:55:24,xdunn@outlook.com,59.54.30.98,dev250,4548********4873,345.92,False
tx0007,2025-04-07 06:21:17,osanders@yahoo.com,121.166.169.30,dev228,4565********3927,131.81,False
tx0008,2025-04-03 09:47:34,jessica37@mailinator.com,26.215.216.179,dev816,4819********8511,31.89,False
tx0009,2025-04-01 04:02:08,calderondanielle@outlook.com,135.102.139.194,dev200,4911********6578,187.6,False
tx0010,2025-03-31 23:27:00,danielgood@mailinator.com,197.54.49.149,dev739,4331********7874,9.81,False
tx0011,2025-04-03 04:25:29,lawrence86@dispostable.com,134.75.167.236,dev795,4145********5585,65.2,False
tx0012,2025-03-25 06:35:59,richard61@outlook.com,23.31.45.196,dev344,4914********3260,348.74,True
tx0013,2025-04-14 23:30:01,elopez@yahoo.com,52.165.149.28,dev724,4411********7625,214.58,False
tx0014,2025-03-24 06:32:39,nicole93@yahoo.com,118.26.40.160,dev143,4033********9148,322.16,False
tx0015,2025-04-10 16:35:49,connermichael@gmail.com,137.210.89.203,dev106,4801********6328,310.83,False
tx0016,2025-04-11 06:15:06,rmccormick@outlook.com,181.144.223.21,dev293,4145********8008,393.16,True
tx0017,2025-03-23 09:31:56,jeffreywhitaker@gmail.com,49.174.168.211,dev917,4845********8704,295.63,False
tx0018,2025-04-11 14:27:00,joshuakrueger@gmail.com,193.142.16.3,dev602,4500********8133,243.67,False
tx0019,2025-03-23 12:15:20,james57@gmail.com,185.18.164.118,dev396,4572********2212,486.99,False
tx0020,2025-04-05 15:54:02,jack41@mailinator.com,209.224.21.105,dev888,4857********9808,24.48,True
tx0021,2025-04-04 14:58:43,michelemoore@yahoo.com,37.18.50.164,dev924,4008********1811,322.06,False
tx0022,2025-03-30 06:56:06,vgarrison@dispostable.com,182.155.230.58,dev120,4376********3949,455.74,True
tx0023,2025-04-08 04:24:42,boydwhitney@gmail.com,184.54.129.247,dev664,4696********4463,384.82,False
tx0024,2025-03-21 11:29:35,kenneth98@outlook.com,131.224.206.81,dev304,4671********4863,106.86,True
tx0025,2025-04-17 10:37:39,patrickmoore@yahoo.com,195.215.60.203,dev227,4796********6730,291.81,True
tx0026,2025-03-31 17:29:24,fanderson@outlook.com,144.90.183.199,dev826,4280********4055,488.64,False
tx0027,2025-04-02 11:57:48,upham@yahoo.com,159.212.234.125,dev903,4325********8943,425.73,False
tx0028,2025-03-29 05:28:50,ianashley@outlook.com,216.136.108.208,dev152,4188********8476,341.35,False
tx0029,2025-03-27 04:08:16,josephroberts@yahoo.com,98.92.55.90,dev681,4882********5826,439.05,False
tx0030,2025-04-01 10:04:42,jwright@outlook.com,45.182.149.39,dev798,4200********9622,406.64,False
tx0031,2025-03-28 12:18:57,michaelsolomon@gmail.com,69.210.168.29,dev369,4391********2637,285.89,False
tx0032,2025-03-26 20:17:53,watsonmaxwell@outlook.com,163.219.180.235,dev184,4350********8755,239.92,False
tx0033,2025-04-01 14:41:51,garcialydia@yahoo.com,184.191.133.226,dev937,4411********6784,461.55,False
tx0034,2025-04-15 02:49:25,owensbrandon@yahoo.com,212.196.87.71,dev317,4247********8363,349.45,False
tx0035,2025-04-12 23:26:17,ghurst@outlook.com,198.149.90.4,dev203,4380********3905,380.14,False
tx0036,2025-03-30 13:53:15,whitetheresa@yahoo.com,200.221.66.254,dev510,4015********3791,240.07,True
tx0037,2025-03-31 02:00:55,awatson@gmail.com,203.198.131.98,dev692,4923********6676,134.21,True
tx0038,2025-04-18 05:05:30,patriciamendez@yahoo.com,212.165.240.133,dev781,4332********8785,375.95,False
tx0039,2025-04-18 22:06:59,williamsjasmine@yahoo.com,109.116.145.35,dev717,4243********8596,246.34,False
tx0040,2025-04-17 03:24:29,porterchristina@outlook.com,212.205.55.16,dev532,4876********8830,137.87,False
tx0041,2025-04-17 09:01:41,olsonlauren@outlook.com,70.76.129.158,dev371,4685********8199,39.21,False
tx0042,2025-04-14 01:23:16,michael72@yahoo.com,173.255.236.21,dev621,4226********6362,410.29,False
tx0043,2025-04-14 15:42:41,josephjackson@yahoo.com,221.37.252.99,dev987,4899********8447,222.14,False
tx0044,2025-03-29 01:55:10,royterrell@yahoo.com,208.32.159.50,dev623,4479********3535,182.02,False
tx0045,2025-04-15 12:35:30,carolynwatson@yahoo.com,2.236.52.218,dev910,4522********4751,60.04,False
tx0046,2025-04-18 01:21:04,cjohnson@gmail.com,221.73.210.214,dev237,4865********9428,481.07,False
tx0047,2025-04-07 10:33:44,sherry80@yahoo.com,171.126.200.234,dev707,4698********1140,258.09,False
tx0048,2025-04-08 12:51:03,tonyabrooks@tempmail.com,147.57.201.156,dev708,4222********3010,381.07,False
tx0049,2025-04-07 12:22:43,nschmidt@outlook.com,30.120.86.59,dev893,4280********1453,315.01,False
tx0050,2025-03-22 04:26:04,ernestbell@gmail.com,23.191.0.128,dev855,4979********3167,209.97,False
tx0051,2025-03-31 17:07:25,jhoward@tempmail.com,222.231.254.35,dev189,4972********2627,240.0,False
tx0052,2025-04-13 09:20:34,tammysmith@outlook.com,197.122.248.96,dev600,4664********1489,294.44,True
tx0053,2025-04-10 22:09:28,brittanyharvey@outlook.com,201.228.112.243,dev287,4905********8789,342.31,False
tx0054,2025-04-05 21:42:58,beasleyanne@outlook.com,96.130.52.89,dev984,4187********7273,17.3,False
tx0055,2025-03-21 06:05:29,jacqueline73@gmail.com,199.54.212.95,dev443,4550********5175,10.31,True
tx0056,2025-03-28 20:15:20,james39@gmail.com,51.79.185.213,dev228,4765********9057,223.89,False
tx0057,2025-04-09 03:09:58,tracy92@outlook.com,195.8.35.157,dev252,4187********6491,195.69,False
tx0058,2025-03-29 03:36:23,yphillips@yahoo.com,76.57.24.21,dev101,4002********5748,287.83,False
tx0059,2025-04-14 03:37:47,stephenharvey@gmail.com,141.251.151.247,dev838,4060********2365,399.32,False
tx0060,2025-03-28 01:21:45,pwebb@gmail.com,215.80.73.241,dev586,4515********9903,427.12,False
tx0061,2025-04-16 11:48:55,michaelhernandez@yahoo.com,111.190.57.185,dev276,4514********9120,310.92,False
tx0062,2025-03-24 04:35:20,whitemelissa@yahoo.com,55.98.4.99,dev168,4652********4228,377.34,False
tx0063,2025-03-24 11:47:37,tayloramanda@gmail.com,214.118.87.6,dev978,4324********8121,97.05,False
tx0064,2025-04-14 19:05:22,danielle68@outlook.com,199.178.79.213,dev140,4796********7276,183.18,False
tx0065,2025-04-19 05:38:51,melissarandall@yahoo.com,195.59.243.146,dev879,4957********7953,104.79,False
tx0066,2025-04-14 22:42:44,michaelstewart@yahoo.com,52.187.126.69,dev913,4355********1085,22.4,False
tx0067,2025-04-11 16:03:22,joy90@yahoo.com,29.63.89.116,dev925,4796********2403,181.33,False
tx0068,2025-04-11 00:45:59,michellesmith@yahoo.com,219.148.58.43,dev776,4598********3390,458.04,True
tx0069,2025-03-27 03:38:26,douglas31@tempmail.com,150.79.75.137,dev139,4607********7447,493.66,False
tx0070,2025-03-27 19:15:00,iedwards@outlook.com,215.30.92.162,dev808,4621********6840,169.97,True
tx0071,2025-03-23 18:46:09,lyonsbrenda@yahoo.com,207.172.233.178,dev207,4275********3952,395.27,True
tx0072,2025-04-08 10:25:29,davidbolton@yahoo.com,181.67.235.171,dev563,4044********9855,456.66,True
tx0073,2025-04-06 11:55:47,hector31@outlook.com,128.177.41.22,dev229,4461********3841,296.78,True
tx0074,2025-03-22 15:13:35,heather67@tempmail.com,83.9.86.113,dev700,4941********3588,53.7,False
tx0075,2025-04-11 15:57:16,joneserica@outlook.com,50.84.251.182,dev206,4966********6440,471.44,False
tx0076,2025-04-05 15:29:46,sandrashannon@yahoo.com,158.44.120.243,dev472,4386********7071,7.15,False
tx0077,2025-03-31 01:35:14,kristibrown@outlook.com,193.82.99.33,dev263,4957********1598,8.37,True
tx0078,2025-04-09 18:10:15,kevin59@yahoo.com,95.240.158.170,dev719,4298********4955,239.99,False
tx0079,2025-04-17 01:39:15,pwilliams@tempmail.com,201.206.172.6,dev921,4958********4342,90.21,True
tx0080,2025-04-08 04:45:35,perezjames@gmail.com,117.148.216.222,dev746,4630********3097,442.94,False
tx0081,2025-03-25 08:49:32,charlescharles@outlook.com,168.178.58.192,dev792,4234********9740,295.66,True
tx0082,2025-03-25 13:56:49,hwilliams@mailinator.com,202.30.9.66,dev673,4947********7598,396.48,False
tx0083,2025-03-29 22:13:58,houseronald@gmail.com,161.144.74.122,dev688,4224********4208,143.33,True
tx0084,2025-03-22 04:55:44,reneemarshall@yahoo.com,81.128.159.80,dev876,4209********7800,247.89,False
tx0085,2025-03-28 19:27:58,nicholas84@outlook.com,52.211.125.40,dev272,4043********9149,179.33,False
tx0086,2025-03-21 00:33:24,chanlawrence@gmail.com,223.58.228.222,dev811,4163********3169,457.02,False
tx0087,2025-04-02 12:39:49,samantha24@gmail.com,172.117.245.195,dev707,4000********1029,102.57,True
tx0088,2025-04-09 15:51:00,heather86@yahoo.com,166.83.149.74,dev754,4012********2559,269.83,False
tx0089,2025-03-31 20:41:35,smithchristopher@yahoo.com,32.190.151.141,dev348,4515********4431,32.88,False
tx0090,2025-04-17 19:47:34,shelley25@yahoo.com,166.39.192.215,dev128,4727********1132,358.24,False
tx0091,2025-04-11 07:52:17,zcastillo@yahoo.com,60.217.191.16,dev755,4077********2494,292.72,False
tx0092,2025-03-30 00:16:37,gillkathleen@outlook.com,2.7.206.124,dev139,4791********3781,64.79,False
tx0093,2025-03-24 06:50:01,ambercunningham@outlook.com,220.128.14.82,dev153,4251********5119,160.77,True
tx0094,2025-04-04 09:32:26,wesley81@yahoo.com,76.134.138.39,dev603,4424********5261,124.2,False
tx0095,2025-03-24 22:08:54,terri10@outlook.com,16.102.188.63,dev563,4598********1484,263.6,False
tx0096,2025-04-14 22:08:18,barbara06@yahoo.com,195.52.157.69,dev775,4634********7548,60.81,True
tx0097,2025-03-24 12:43:54,maloneamy@gmail.com,214.153.236.245,dev950,4931********3592,459.32,False
tx0098,2025-04-05 06:04:41,rickjacobson@gmail.com,193.29.152.124,dev484,4286********9729,333.97,False
tx0099,2025-04-05 03:18:59,egarcia@outlook.com,130.133.195.157,dev692,4498********3885,14.6,False
tx0100,2025-03-27 17:48:03,sophia80@yahoo.com,96.220.118.58,dev143,4804********3665,234.07,False
tx0101,2025-03-22 08:01:49,marshalljessica@gmail.com,158.82.82.82,dev482,4541********7688,79.9,True
tx0102,2025-04-03 23:51:52,allisonramirez@mailinator.com,114.135.202.212,dev611,4681********4188,39.4,False
tx0103,2025-04-06 17:22:16,phillipsjean@outlook.com,210.36.91.137,dev830,4193********4452,128.16,False
tx0104,2025-03-23 19:10:03,laura71@yahoo.com,131.166.28.229,dev108,4011********6308,285.56,False
tx0105,2025-04-14 13:35:52,angelawarner@yahoo.com,57.228.192.108,dev851,4761********7899,375.27,False
tx0106,2025-03-23 20:37:56,jonathan45@gmail.com,210.186.63.89,dev291,4505********9889,247.76,True
tx0107,2025-03-23 12:41:31,patricia81@yahoo.com,181.148.88.64,dev158,4857********7177,445.35,False
tx0108,2025-04-18 22:57:17,rosejeanette@outlook.com,87.196.28.238,dev614,4737********9338,242.89,False
tx0109,2025-04-10 20:29:33,brucethompson@mailinator.com,67.2.2.145,dev713,4908********9621,369.5,False
tx0110,2025-03-28 15:25:20,bbrown@dispostable.com,203.1.25.47,dev262,4113********8955,250.48,False
tx0111,2025-04-06 08:05:31,woodrenee@yahoo.com,221.147.35.166,dev381,4413********9041,132.97,True
tx0112,2025-04-17 14:04:13,joann72@yahoo.com,158.18.204.165,dev431,4762********5589,246.85,False
tx0113,2025-04-11 02:02:18,wrivera@gmail.com,86.121.167.26,dev884,4548********7435,435.29,False
tx0114,2025-04-18 02:56:21,heathersimpson@yahoo.com,108.97.172.118,dev141,4417********3607,437.39,False
tx0115,2025-04-07 14:26:26,rodriguezjeffrey@outlook.com,216.6.15.17,dev555,4764********1220,318.45,False
tx0116,2025-04-06 10:10:16,paul54@gmail.com,155.47.25.56,dev455,4655********7907,106.48,False
tx0117,2025-04-01 01:27:00,williamskevin@outlook.com,162.120.120.28,dev359,4574********6342,332.01,False
tx0118,2025-04-01 16:44:59,linda14@yahoo.com,107.237.2.48,dev501,4759********5745,369.32,False
tx0119,2025-04-06 17:51:04,vhorn@outlook.com,169.178.40.121,dev681,4676********1175,137.66,True
tx0120,2025-03-30 14:42:12,nathanpeck@dispostable.com,96.205.97.96,dev713,4975********6897,176.53,True
tx0121,2025-03-25 20:25:37,baileyshari@outlook.com,145.203.180.245,dev215,4704********1117,471.76,False
tx0122,2025-04-17 05:41:16,williamcameron@yahoo.com,211.177.23.84,dev612,4384********4055,149.59,False
tx0123,2025-03-26 01:39:13,huffmanelizabeth@yahoo.com,132.24.220.22,dev625,4279********6023,379.72,True
tx0124,2025-04-18 16:00:11,katrina89@gmail.com,177.186.186.252,dev903,4514********7406,15.42,False
tx0125,2025-04-19 08:26:04,frywilliam@yahoo.com,157.143.111.154,dev204,4247********1632,112.67,False
tx0126,2025-03-28 08:19:04,danielwhite@dispostable.com,166.8.128.131,dev488,4542********4532,17.13,True
tx0127,2025-04-19 12:55:44,kelly27@yahoo.com,222.190.185.4,dev131,4303********4108,10.47,False
tx0128,2025-04-03 23:04:22,swalker@yahoo.com,149.44.104.126,dev155,4726********5454,443.24,False
tx0129,2025-04-01 19:35:41,elizabethhunter@outlook.com,194.71.173.82,dev215,4135********6955,5.18,False
tx0130,2025-04-11 20:12:27,shannongregory@yahoo.com,20.59.33.120,dev980,4786********6789,361.91,False
tx0131,2025-04-10 12:18:02,kristi17@yahoo.com,153.164.152.50,dev458,4179********5282,271.19,False
tx0132,2025-04-15 18:06:16,tiffanyrivera@dispostable.com,205.72.11.253,dev180,4835********7838,82.32,False
tx0133,2025-03-24 14:58:38,jturner@gmail.com,136.147.119.168,dev314,4862********4573,27.0,False
tx0134,2025-03-30 23:09:22,kristen84@outlook.com,218.115.71.31,dev563,4056********7251,119.89,False
tx0135,2025-04-17 02:09:52,olewis@gmail.com,179.226.107.106,dev662,4680********6460,262.7,False
tx0136,2025-04-16 01:26:45,wgentry@gmail.com,209.30.238.196,dev113,4204********8444,43.02,False
tx0137,2025-04-07 08:01:41,michealcantrell@outlook.com,221.49.51.182,dev498,4226********4187,315.75,False
tx0138,2025-04-10 02:07:49,perezsean@yahoo.com,203.128.86.117,dev186,4874********6082,404.96,False
tx0139,2025-04-17 12:48:22,gmorales@gmail.com,189.253.154.116,dev648,4140********8887,345.68,False
tx0140,2025-04-09 22:02:08,ostewart@outlook.com,33.178.79.29,dev463,4517********6545,481.64,False
tx0141,2025-04-17 10:40:11,vperry@gmail.com,132.190.180.130,dev309,4563********9834,74.91,False
tx0142,2025-04-17 11:17:20,ashley51@gmail.com,186.110.136.102,dev601,4592********3242,30.27,True
tx0143,2025-04-17 12:20:19,johnnyjohnson@outlook.com,192.157.243.98,dev549,4366********6974,26.17,True
tx0144,2025-04-03 03:58:27,rchapman@gmail.com,170.54.42.97,dev316,4645********4213,32.39,False
tx0145,2025-04-19 00:23:07,kingjon@yahoo.com,46.73.148.231,dev394,4269********8763,329.46,False
tx0146,2025-04-06 21:23:44,paulfitzgerald@outlook.com,213.220.87.254,dev228,4685********7870,276.55,False
tx0147,2025-03-28 21:48:10,john63@gmail.com,164.105.39.57,dev457,4630********2883,499.42,False
tx0148,2025-04-02 09:25:33,gdiaz@mailinator.com,166.81.86.190,dev349,4382********1754,116.04,False
tx0149,2025-04-18 17:54:54,douglasbowman@gmail.com,211.111.121.108,dev548,4559********3879,37.6,False
tx0150,2025-04-19 03:24:58,yhaynes@gmail.com,205.70.11.222,dev604,4544********2180,476.71,False
tx0151,2025-04-05 19:52:14,sharon89@gmail.com,197.15.125.221,dev773,4261********6091,90.92,False
tx0152,2025-04-03 12:42:40,ellisdiane@yahoo.com,135.99.98.121,dev449,4227********6283,205.11,False
tx0153,2025-04-11 17:54:09,cruzjeremy@outlook.com,132.248.113.175,dev157,4394********8626,426.4,True
tx0154,2025-04-06 18:09:40,lharmon@outlook.com,135.188.242.222,dev876,4945********2420,324.48,True
tx0155,2025-04-02 10:56:03,smithmichael@yahoo.com,155.65.55.43,dev523,4607********2211,457.81,True
tx0156,2025-04-17 11:21:18,nbrowning@yahoo.com,164.37.20.115,dev880,4266********8110,142.11,True
tx0157,2025-03-21 17:18:52,rosealexis@yahoo.com,153.90.208.168,dev362,4118********3238,415.24,False
tx0158,2025-04-14 02:29:36,tpalmer@outlook.com,223.178.216.148,dev168,4073********8080,10.98,False
tx0159,2025-04-14 02:04:52,janet43@tempmail.com,187.234.99.208,dev258,4924********1310,474.14,False
tx0160,2025-04-14 07:54:49,ggardner@mailinator.com,181.231.83.178,dev811,4777********8669,101.36,False
tx0161,2025-04-01 03:27:07,michael90@gmail.com,12.78.242.164,dev621,4005********3912,364.66,False
tx0162,2025-04-02 19:19:45,qhaynes@dispostable.com,163.234.216.70,dev844,4514********5068,331.02,False
tx0163,2025-03-29 23:16:46,vcollier@gmail.com,194.211.185.229,dev600,4203********9419,127.72,False
tx0164,2025-03-21 07:30:35,cheryl03@yahoo.com,168.155.172.253,dev742,4147********6282,156.54,False
tx0165,2025-04-08 12:49:32,veronicabishop@yahoo.com,110.122.153.146,dev878,4948********7850,20.04,False
tx0166,2025-03-23 09:17:26,kmurray@gmail.com,96.165.185.155,dev766,4233********8537,8.53,True
tx0167,2025-04-11 23:08:00,katherine87@yahoo.com,184.77.237.0,dev149,4095********6962,407.89,False
tx0168,2025-04-07 22:17:37,danielmedina@yahoo.com,208.6.134.156,dev311,4105********9478,473.93,False
tx0169,2025-04-16 09:40:40,debra82@outlook.com,134.48.195.216,dev104,4431********8352,400.82,False
tx0170,2025-03-23 10:53:23,michael86@outlook.com,147.21.149.53,dev551,4310********9509,402.25,False
tx0171,2025-04-16 19:28:01,marshallsonia@outlook.com,65.50.193.132,dev512,4613********2984,295.48,True
tx0172,2025-04-18 03:14:19,amanda69@yahoo.com,137.221.141.115,dev569,4363********3353,19.86,False
tx0173,2025-04-02 07:00:01,xhernandez@outlook.com,204.153.119.207,dev477,4393********6767,286.07,True
tx0174,2025-04-13 20:01:16,larrywilson@gmail.com,196.24.14.110,dev881,4949********1802,192.74,True
tx0175,2025-03-29 12:54:32,sarahhowell@gmail.com,82.18.85.119,dev469,4225********2927,70.56,True
tx0176,2025-04-04 07:12:41,nnelson@outlook.com,223.132.225.52,dev903,4089********4741,237.87,False
tx0177,2025-03-23 10:42:41,hahnmelissa@outlook.com,144.3.23.60,dev403,4415********8651,302.93,False
tx0178,2025-04-13 19:54:15,gmeadows@gmail.com,148.230.203.173,dev158,4556********5484,154.81,False
tx0179,2025-04-05 09:07:09,jramirez@gmail.com,143.183.75.248,dev493,4074********3992,65.37,False
tx0180,2025-04-19 13:26:27,warrenwebster@gmail.com,92.103.143.121,dev743,4373********4323,465.57,False
tx0181,2025-04-01 15:13:29,yjones@yahoo.com,49.25.243.34,dev906,4910********4117,301.85,False
tx0182,2025-04-06 18:05:17,johnfrench@yahoo.com,201.91.66.137,dev615,4401********8179,156.97,True
tx0183,2025-03-31 18:37:57,asmith@gmail.com,143.238.100.238,dev203,4691********3786,456.64,False
tx0184,2025-03-21 04:08:16,wnelson@outlook.com,114.4.10.1,dev985,4350********1237,88.67,False
tx0185,2025-04-07 06:38:36,stephanie75@yahoo.com,148.129.39.40,dev715,4544********7089,484.05,False
tx0186,2025-04-07 13:48:49,oknapp@outlook.com,145.20.12.83,dev822,4336********5017,57.57,False
tx0187,2025-04-09 19:13:33,sawyerjoseph@yahoo.com,122.69.200.149,dev493,4465********8156,304.38,True
tx0188,2025-04-13 21:10:13,denise58@mailinator.com,206.62.243.82,dev761,4877********1812,262.6,False
tx0189,2025-04-06 03:18:41,shannon58@yahoo.com,221.99.48.167,dev643,4312********2513,484.98,False
tx0190,2025-03-25 18:22:02,pibarra@outlook.com,106.102.144.135,dev523,4779********6528,413.73,False
tx0191,2025-04-15 03:47:28,william52@gmail.com,54.163.233.193,dev607,4375********6426,27.21,False
tx0192,2025-04-05 14:35:28,dunnjamie@outlook.com,35.161.229.114,dev620,4888********9595,248.19,False
tx0193,2025-04-12 13:12:12,cfranco@outlook.com,206.194.229.1,dev300,4461********4755,150.34,False
tx0194,2025-04-12 15:42:55,joshuadiaz@yahoo.com,192.233.123.104,dev393,4308********3505,176.01,False
tx0195,2025-03-29 23:34:47,phillipsluke@outlook.com,87.139.19.45,dev331,4265********4603,453.02,False
tx0196,2025-04-07 06:52:03,gonzalesjoseph@gmail.com,216.23.91.144,dev370,4557********3025,83.99,False
tx0197,2025-04-09 14:09:18,ryan66@gmail.com,161.47.78.7,dev442,4530********5344,436.81,False
tx0198,2025-04-07 11:40:18,anthony96@gmail.com,132.174.250.220,dev999,4908********8098,121.86,False
tx0199,2025-04-15 14:40:27,ileon@yahoo.com,135.233.43.186,dev403,4204********2654,364.15,False
tx0200,2025-04-07 08:41:54,michaelmiller@gmail.com,187.217.45.198,dev865,4423********1541,279.21,False
tx0201,2025-04-18 07:42:21,baileymatthew@outlook.com,92.157.175.252,dev774,4081********7639,218.89,False
tx0202,2025-03-21 20:25:57,kayla63@yahoo.com,90.146.92.108,dev339,4228********5920,451.33,True
tx0203,2025-04-07 19:17:39,ajohnson@dispostable.com,129.172.233.68,dev225,4199********6155,437.83,False
tx0204,2025-04-12 06:28:40,natalie16@yahoo.com,25.190.134.215,dev980,4665********7303,405.14,True
tx0205,2025-04-04 09:08:58,aarondavis@outlook.com,148.157.67.138,dev634,4924********8805,301.74,True
tx0206,2025-04-09 13:55:11,spencer99@outlook.com,107.246.139.38,dev309,4990********3646,343.23,False
tx0207,2025-03-27 00:31:24,mendezjohn@gmail.com,11.132.34.231,dev607,4058********6042,134.86,False
tx0208,2025-03-23 23:48:46,heather75@gmail.com,195.214.236.176,dev319,4587********7500,98.1,False
tx0209,2025-04-19 07:46:35,burkechristopher@yahoo.com,211.135.198.2,dev499,4306********4654,438.95,False
tx0210,2025-04-17 07:22:38,stevensdavid@gmail.com,206.159.60.149,dev285,4576********3777,228.6,False
tx0211,2025-03-27 17:43:02,danielle90@gmail.com,73.137.3.31,dev652,4701********9188,173.1,False
tx0212,2025-04-12 19:21:49,harringtonalice@yahoo.com,167.139.188.240,dev213,4010********3245,104.42,True
tx0213,2025-04-13 08:11:59,martinezpatty@outlook.com,166.226.76.190,dev291,4362********4394,232.04,False
tx0214,2025-04-10 05:23:09,timothyjohnson@yahoo.com,142.239.43.213,dev283,4536********9161,31.73,False
tx0215,2025-04-08 07:35:36,pennyedwards@outlook.com,53.144.39.158,dev307,4306********2450,422.95,True
tx0216,2025-03-27 10:09:16,taylor34@outlook.com,110.213.36.148,dev107,4554********2473,63.54,False
tx0217,2025-03-31 21:30:22,glovernathan@outlook.com,204.78.147.45,dev130,4390********3177,119.54,False
tx0218,2025-04-10 12:03:31,mmelendez@yahoo.com,214.243.124.216,dev200,4222********5383,331.12,False
tx0219,2025-03-27 21:48:17,umoore@yahoo.com,205.35.108.34,dev772,4230********4842,92.49,False
tx0220,2025-04-11 08:21:36,lisabaldwin@tempmail.com,166.112.84.59,dev616,4052********9732,433.34,False
tx0221,2025-04-09 03:25:38,kimberly47@outlook.com,146.8.195.215,dev603,4759********4344,123.82,False
tx0222,2025-04-15 21:05:32,martinezmichael@gmail.com,129.87.173.201,dev498,4640********9646,76.77,True
tx0223,2025-04-09 14:40:07,stephenrich@gmail.com,195.201.114.230,dev625,4285********5698,357.7,False
tx0224,2025-04-04 09:02:20,kellijensen@outlook.com,92.11.76.174,dev929,4045********7793,290.57,True
tx0225,2025-03-31 04:30:59,shawsylvia@gmail.com,182.207.232.190,dev544,4043********2423,134.75,False
tx0226,2025-04-02 09:21:51,marksjohn@outlook.com,129.94.75.134,dev546,4923********4291,317.34,False
tx0227,2025-04-02 08:10:02,morganolson@outlook.com,36.101.28.130,dev679,4956********9877,106.41,False
tx0228,2025-04-05 23:59:05,qpitts@yahoo.com,64.1.54.251,dev268,4743********7121,362.87,True
tx0229,2025-04-06 23:25:27,alexandra03@mailinator.com,221.141.112.138,dev979,4111********9885,143.79,False
tx0230,2025-04-06 07:02:33,john17@gmail.com,185.16.243.165,dev126,4530********7853,104.15,False
tx0231,2025-04-05 21:33:55,wendysimon@dispostable.com,150.40.202.248,dev305,4179********6746,171.58,False
tx0232,2025-04-03 08:45:48,rossmiller@tempmail.com,204.245.207.88,dev517,4295********2246,475.07,False
tx0233,2025-03-22 11:51:07,castillodiane@gmail.com,215.226.237.7,dev490,4748********5098,13.97,False
tx0234,2025-03-24 07:55:43,lisa12@outlook.com,221.229.158.193,dev698,4751********4611,252.75,False
tx0235,2025-04-10 07:57:03,dhernandez@gmail.com,204.134.248.170,dev454,4133********7443,78.35,False
tx0236,2025-04-17 12:07:01,crystal61@outlook.com,164.153.69.49,dev415,4446********1641,280.08,False
tx0237,2025-04-12 11:59:50,gouldalexandria@outlook.com,138.208.236.53,dev233,4292********4127,250.98,False
tx0238,2025-04-02 01:09:27,tamara94@gmail.com,155.98.236.108,dev616,4276********9241,288.05,False
tx0239,2025-04-19 14:23:18,epeterson@gmail.com,210.81.83.158,dev431,4524********5369,389.25,False
tx0240,2025-04-05 12:17:50,schambers@gmail.com,212.220.216.34,dev640,4529********9337,409.85,False
tx0241,2025-04-12 04:58:50,tateseth@gmail.com,207.18.231.181,dev159,4067********5870,24.2,False
tx0242,2025-03-24 13:52:26,johnmoore@outlook.com,95.24.46.128,dev522,4300********6615,29.72,False
tx0243,2025-03-23 00:05:12,phickman@gmail.com,200.39.129.63,dev684,4023********2200,43.34,False
tx0244,2025-04-07 15:36:23,alexander55@gmail.com,187.156.213.20,dev966,4330********4877,270.63,False
tx0245,2025-04-04 04:30:38,sarah30@yahoo.com,186.137.199.247,dev951,4965********8166,443.63,True
tx0246,2025-03-30 13:48:21,hharris@gmail.com,138.14.119.192,dev791,4207********5090,266.71,False
tx0247,2025-03-26 01:36:03,matthew95@yahoo.com,220.46.29.230,dev715,4868********3051,161.39,False
tx0248,2025-04-01 05:27:14,xsmith@dispostable.com,195.180.38.42,dev891,4023********2135,247.21,True
tx0249,2025-03-24 12:19:33,nwhite@yahoo.com,192.158.1.126,dev342,4974********3164,465.91,False
tx0250,2025-03-29 18:48:23,lwyatt@yahoo.com,219.14.33.145,dev736,4904********3117,401.63,False
tx0251,2025-04-17 21:25:42,jimenezchristine@gmail.com,209.152.143.28,dev418,4793********3959,328.19,False
tx0252,2025-04-17 09:43:18,rachel84@outlook.com,134.162.150.29,dev694,4269********6267,422.7,False
tx0253,2025-04-06 13:05:12,sallen@outlook.com,90.255.230.50,dev148,4719********4072,26.46,False
tx0254,2025-03-29 14:36:31,xpowell@outlook.com,5.83.20.135,dev358,4283********2949,465.03,False
tx0255,2025-04-12 05:08:13,smithamy@outlook.com,219.225.214.63,dev657,4711********2711,35.08,False
tx0256,2025-03-26 04:49:45,paul60@tempmail.com,186.53.215.124,dev742,4684********7541,90.66,False
tx0257,2025-04-12 04:11:12,sandra94@gmail.com,163.92.178.8,dev670,4478********4570,8.02,False
tx0258,2025-04-16 03:31:40,xrodriguez@gmail.com,83.251.128.140,dev760,4212********6910,441.35,False
tx0259,2025-04-19 03:43:21,michael31@gmail.com,196.146.174.213,dev882,4192********4332,264.05,False
tx0260,2025-03-23 02:15:49,avilamichael@yahoo.com,222.88.84.0,dev760,4305********1867,47.13,False
tx0261,2025-04-05 06:41:40,ukim@outlook.com,148.223.247.134,dev518,4509********8999,134.29,False
tx0262,2025-04-18 04:57:09,hawkinsbrian@mailinator.com,133.232.13.60,dev346,4309********5921,318.97,False
tx0263,2025-03-31 09:25:47,gallegostiffany@outlook.com,181.149.25.33,dev535,4321********7145,195.12,False
tx0264,2025-04-10 06:42:56,larrylittle@yahoo.com,129.148.208.100,dev468,4199********4390,51.57,False
tx0265,2025-04-02 07:56:57,davidcory@yahoo.com,178.89.186.228,dev269,4979********4908,238.54,False
tx0266,2025-03-20 19:38:55,joseph54@gmail.com,124.35.107.114,dev964,4153********7431,72.6,False
tx0267,2025-03-28 23:57:14,regina51@gmail.com,66.231.201.45,dev762,4446********1774,92.13,True
tx0268,2025-03-24 23:03:51,david81@gmail.com,220.246.76.178,dev592,4180********1168,189.49,False
tx0269,2025-03-22 11:39:11,makaylachavez@yahoo.com,78.19.67.109,dev204,4344********5760,143.46,True
tx0270,2025-04-13 20:35:07,maldonadojoshua@gmail.com,143.74.66.38,dev814,4634********5082,77.65,True
tx0271,2025-04-14 13:45:06,jmccullough@gmail.com,58.15.206.251,dev596,4914********1364,394.88,False
tx0272,2025-04-12 16:24:40,lellis@gmail.com,151.99.120.26,dev369,4366********9353,480.32,True
tx0273,2025-04-02 11:44:06,emilywalker@yahoo.com,207.11.135.97,dev988,4988********9183,294.06,False
tx0274,2025-04-04 01:19:33,williamsantana@yahoo.com,66.9.190.210,dev891,4195********7975,369.27,False
tx0275,2025-04-18 23:33:03,pblair@mailinator.com,161.253.58.251,dev246,4321********3519,358.21,False
tx0276,2025-04-06 11:23:37,robinsonlisa@outlook.com,201.171.55.189,dev653,4203********4267,308.11,False
tx0277,2025-04-18 18:25:33,tracyhamilton@yahoo.com,198.128.235.203,dev227,4560********1869,105.51,False
tx0278,2025-03-26 23:03:39,kelseygreer@mailinator.com,192.244.107.180,dev699,4475********1156,424.72,False
tx0279,2025-04-11 21:19:23,qmcgrath@yahoo.com,160.250.100.8,dev743,4255********9807,439.62,False
tx0280,2025-04-17 21:07:09,thomasdenise@gmail.com,67.107.137.137,dev342,4117********6232,307.57,False
tx0281,2025-03-25 22:26:24,christopherjohnson@yahoo.com,136.235.252.28,dev744,4415********4238,44.19,True
tx0282,2025-04-13 12:34:31,ncastillo@gmail.com,60.39.46.104,dev985,4044********2646,183.93,False
tx0283,2025-04-16 00:03:08,gmelendez@yahoo.com,55.34.69.50,dev543,4697********6389,268.97,False
tx0284,2025-03-23 19:45:08,bobby46@gmail.com,79.166.113.255,dev682,4249********5954,80.97,False
tx0285,2025-03-25 20:53:27,kevinwells@outlook.com,194.135.52.102,dev410,4718********4956,421.33,False
tx0286,2025-03-24 10:26:23,willisadam@yahoo.com,152.164.253.87,dev619,4911********2587,355.76,False
tx0287,2025-04-12 22:26:05,drobertson@outlook.com,212.95.85.214,dev620,4695********5789,208.61,False
tx0288,2025-04-17 23:51:08,millermichael@gmail.com,169.69.40.60,dev342,4337********9385,180.48,False
tx0289,2025-03-20 16:48:01,nguyenlisa@outlook.com,199.13.203.46,dev130,4037********2955,207.91,True
tx0290,2025-04-14 01:08:49,paul86@gmail.com,189.150.128.58,dev917,4746********6237,82.31,False
tx0291,2025-03-28 04:00:15,walter47@gmail.com,190.231.210.19,dev195,4973********6505,471.51,True
tx0292,2025-04-08 01:38:09,sheryl67@outlook.com,211.237.129.88,dev459,4651********8472,404.01,False
tx0293,2025-03-29 03:08:44,deborah68@gmail.com,204.120.175.29,dev581,4334********6422,304.41,False
tx0294,2025-04-05 10:49:56,dbaldwin@gmail.com,158.71.2.164,dev387,4133********2939,342.42,True
tx0295,2025-03-30 16:57:47,joseph03@outlook.com,198.7.229.20,dev559,4722********1750,185.36,False
tx0296,2025-04-10 12:06:42,vwatson@tempmail.com,210.123.225.19,dev717,4409********5152,375.56,False
tx0297,2025-03-24 13:58:15,melissabarnes@outlook.com,113.189.239.30,dev826,4295********2781,197.97,False
tx0298,2025-04-14 02:39:41,kelleymichael@gmail.com,19.83.14.110,dev444,4066********3653,15.65,False
tx0299,2025-04-14 14:33:25,aprillopez@mailinator.com,137.1.61.98,dev604,4689********6444,222.57,False
tx0300,2025-04-08 10:34:08,natashasmith@gmail.com,160.238.14.126,dev523,4721********5893,393.87,True
tx0301,2025-03-31 10:54:46,leewalters@yahoo.com,52.218.76.253,dev699,4996********8003,59.31,False
tx0302,2025-04-03 22:40:24,robinsonjoseph@yahoo.com,126.187.17.223,dev651,4694********5191,496.09,True
tx0303,2025-04-11 12:36:29,barnesvincent@outlook.com,154.221.196.24,dev422,4023********5413,146.31,True
tx0304,2025-04-19 02:46:17,nicholas23@gmail.com,86.199.242.172,dev313,4459********7252,485.47,False
tx0305,2025-04-04 20:14:08,amandastewart@yahoo.com,74.131.87.90,dev142,4717********6306,343.92,False
tx0306,2025-03-22 12:22:11,brenda18@yahoo.com,208.113.17.11,dev245,4595********3362,439.31,False
tx0307,2025-03-31 20:03:58,wmurray@yahoo.com,7.190.223.92,dev607,4592********8213,91.07,False
tx0308,2025-04-05 13:19:16,npitts@yahoo.com,195.0.135.166,dev438,4768********7930,25.57,False
tx0309,2025-04-09 13:36:44,vtyler@dispostable.com,31.97.67.179,dev326,4304********1935,129.46,False
tx0310,2025-04-13 00:37:57,elizabeth13@outlook.com,178.60.156.217,dev194,4255********5588,53.07,False
tx0311,2025-03-29 06:17:50,smithdavid@outlook.com,159.229.243.61,dev370,4500********8335,268.78,False
tx0312,2025-03-23 05:52:08,rachelbrown@gmail.com,203.1.48.182,dev787,4642********5159,244.47,False
tx0313,2025-04-05 06:05:33,brownstephen@yahoo.com,218.106.20.147,dev946,4163********8625,393.48,True
tx0314,2025-04-09 01:36:18,santiagosamuel@outlook.com,25.68.33.223,dev264,4129********9916,70.56,False
tx0315,2025-04-02 19:10:34,rhondafrank@outlook.com,12.88.147.249,dev814,4569********5955,23.11,False
tx0316,2025-04-16 00:17:48,mannbenjamin@yahoo.com,5.151.157.2,dev796,4261********7044,484.24,False
tx0317,2025-04-09 04:56:56,charles00@gmail.com,19.246.230.217,dev800,4975********6468,94.19,False
tx0318,2025-03-28 12:23:54,alicia98@gmail.com,210.56.94.43,dev524,4053********3035,105.95,False
tx0319,2025-04-10 03:54:57,wilsonjason@yahoo.com,203.15.52.77,dev130,4246********4387,388.37,False
tx0320,2025-03-23 20:17:40,patelernest@yahoo.com,183.52.214.225,dev599,4667********4677,350.56,False
tx0321,2025-03-21 20:48:59,kmorales@yahoo.com,52.7.234.180,dev517,4888********7014,123.79,False
tx0322,2025-04-15 00:24:52,davidtammy@yahoo.com,68.165.78.205,dev232,4053********3972,365.68,False
tx0323,2025-03-29 21:20:41,brian25@yahoo.com,200.67.137.244,dev718,4949********9173,213.3,False
tx0324,2025-03-29 07:55:31,howelljames@outlook.com,203.167.202.132,dev492,4310********8978,391.73,False
tx0325,2025-04-09 16:21:29,mckeemonica@outlook.com,6.192.125.72,dev454,4620********4455,482.4,False
tx0326,2025-03-21 06:20:04,abrown@gmail.com,122.128.20.115,dev703,4011********7984,335.75,False
tx0327,2025-04-19 09:37:05,natalie87@outlook.com,74.12.177.111,dev297,4548********6267,51.21,True
tx0328,2025-04-10 19:18:47,jnewton@gmail.com,183.240.220.88,dev740,4691********9698,201.61,True
tx0329,2025-04-04 13:44:40,floreswilliam@gmail.com,121.103.153.143,dev545,4692********8036,309.23,False
tx0330,2025-04-05 04:55:20,karen92@gmail.com,215.123.89.72,dev293,4839********5425,422.84,False
tx0331,2025-04-10 00:08:00,karenreeves@outlook.com,190.191.84.86,dev264,4396********4156,288.96,False
tx0332,2025-04-16 23:25:55,yfrancis@outlook.com,62.27.241.228,dev395,4495********5061,84.44,False
tx0333,2025-04-05 22:51:27,tturner@outlook.com,215.238.29.195,dev930,4508********3387,133.51,True
tx0334,2025-04-13 10:12:16,rwilliams@outlook.com,189.55.11.159,dev345,4927********8470,159.29,False
tx0335,2025-04-18 00:23:25,ilewis@yahoo.com,81.147.151.188,dev577,4811********1263,307.52,False
tx0336,2025-04-13 21:46:56,elliottmelissa@yahoo.com,195.254.126.14,dev361,4475********6186,392.26,False
tx0337,2025-04-11 22:42:40,johnreese@outlook.com,151.79.126.240,dev113,4154********5291,98.97,False
tx0338,2025-04-05 13:41:24,donald66@tempmail.com,216.10.165.115,dev608,4753********3949,49.15,False
tx0339,2025-04-15 16:01:06,qcrawford@outlook.com,71.124.172.188,dev202,4288********8448,423.04,False
tx0340,2025-03-27 00:44:01,ashley64@gmail.com,40.34.115.45,dev113,4800********8810,420.03,False
tx0341,2025-03-22 20:33:14,pserrano@yahoo.com,107.106.32.155,dev267,4949********2002,128.99,False
tx0342,2025-04-07 21:57:57,jtaylor@tempmail.com,199.203.158.8,dev129,4567********5505,205.68,False
tx0343,2025-03-21 22:17:31,alexabrock@yahoo.com,208.149.23.197,dev912,4079********5478,440.12,False
tx0344,2025-04-02 10:19:58,omclean@outlook.com,180.92.154.112,dev791,4518********6451,421.58,True
tx0345,2025-03-31 22:29:17,qmullins@outlook.com,128.13.151.45,dev512,4847********1796,394.15,True
tx0346,2025-03-21 16:03:02,laurenwebb@gmail.com,203.153.17.35,dev352,4090********5998,397.62,False
tx0347,2025-03-26 20:35:59,rogersrobert@outlook.com,205.179.76.222,dev680,4653********5288,217.66,False
tx0348,2025-04-12 12:23:53,wrightmary@gmail.com,134.170.7.17,dev541,4719********6837,300.51,True
tx0349,2025-03-22 12:15:01,janetwilson@mailinator.com,216.144.79.225,dev958,4404********4264,333.28,False
tx0350,2025-04-13 07:22:00,lori08@yahoo.com,58.70.240.40,dev156,4159********9302,488.35,True
tx0351,2025-04-02 16:04:41,tammysnyder@yahoo.com,206.181.56.73,dev547,4403********9303,31.8,True
tx0352,2025-04-18 12:26:34,tandersen@outlook.com,75.56.175.232,dev485,4248********7517,168.09,False
tx0353,2025-04-12 14:58:34,youngmelissa@gmail.com,33.122.199.219,dev682,4428********8771,109.11,True
tx0354,2025-03-24 20:52:01,higginshaley@gmail.com,178.237.158.22,dev723,4072********7688,320.72,True
tx0355,2025-04-02 19:51:32,clarkvictoria@yahoo.com,182.226.71.33,dev494,4304********7921,104.1,False
tx0356,2025-04-11 14:44:41,castanedakyle@yahoo.com,220.166.32.191,dev357,4874********7681,135.1,False
tx0357,2025-04-10 08:51:16,kimberly32@yahoo.com,16.141.212.34,dev195,4552********6746,300.37,False
tx0358,2025-04-05 15:09:26,lfranklin@outlook.com,52.152.220.35,dev751,4591********4476,355.84,False
tx0359,2025-03-27 11:35:18,eric05@gmail.com,68.66.126.138,dev781,4737********4841,113.57,False
tx0360,2025-04-19 03:09:02,cory15@outlook.com,186.235.53.115,dev444,4341********9751,431.98,False
tx0361,2025-04-18 04:44:45,cuevascrystal@gmail.com,33.87.221.189,dev391,4735********3728,275.31,False
tx0362,2025-03-31 22:38:06,nellison@outlook.com,221.216.121.84,dev359,4533********5217,492.34,False
tx0363,2025-04-10 18:43:59,james15@dispostable.com,150.105.75.160,dev231,4247********8432,168.96,False
tx0364,2025-03-25 08:45:28,lthornton@yahoo.com,196.138.22.238,dev868,4302********7848,412.41,False
tx0365,2025-03-25 08:20:47,jonathangreen@yahoo.com,186.86.155.184,dev138,4460********3865,214.72,False
tx0366,2025-03-29 05:03:42,duartebrandon@gmail.com,143.237.105.147,dev612,4542********4055,183.4,False
tx0367,2025-04-11 20:28:06,jorge61@gmail.com,133.6.40.85,dev549,4161********3177,81.87,False
tx0368,2025-03-27 06:08:31,michaelschroeder@gmail.com,100.180.241.241,dev541,4185********8808,337.31,False
tx0369,2025-03-27 06:40:08,wfrye@gmail.com,215.221.98.118,dev973,4679********2021,13.91,False
tx0370,2025-04-04 20:10:19,uhayden@gmail.com,192.34.34.184,dev556,4603********8540,268.48,False
tx0371,2025-03-20 15:25:03,juliebarnes@gmail.com,197.0.249.13,dev376,4804********5397,356.12,False
tx0372,2025-03-22 01:10:22,joshuahill@gmail.com,88.200.16.22,dev417,4602********5881,334.15,False
tx0373,2025-04-03 20:46:59,johnholmes@dispostable.com,219.86.242.63,dev174,4621********1107,448.28,False
tx0374,2025-03-22 00:38:09,michaelvang@gmail.com,89.25.223.69,dev440,4178********8396,427.03,False
tx0375,2025-04-05 00:45:05,shayes@yahoo.com,150.219.15.43,dev902,4297********4325,47.72,False
tx0376,2025-04-03 20:07:05,taylorrose@yahoo.com,34.195.87.36,dev302,4928********9949,32.56,False
tx0377,2025-04-01 18:57:46,mcintyrejesus@gmail.com,213.45.195.243,dev351,4606********3490,196.89,False
tx0378,2025-04-05 03:33:14,lambstephen@gmail.com,139.73.16.47,dev435,4397********5827,491.52,False
tx0379,2025-04-02 04:19:44,bridgetgraham@yahoo.com,138.12.172.11,dev543,4007********9625,340.27,True
tx0380,2025-03-21 18:20:17,simonjulia@yahoo.com,59.250.184.18,dev779,4722********6870,348.82,False
tx0381,2025-04-19 05:07:51,masonjones@outlook.com,131.196.190.201,dev294,4209********3548,375.4,False
tx0382,2025-04-18 18:06:55,richard96@yahoo.com,93.98.197.91,dev387,4182********3025,487.55,False
tx0383,2025-04-13 18:45:56,goodmanjennifer@yahoo.com,203.2.197.15,dev496,4751********8703,224.29,False
tx0384,2025-04-03 22:41:00,perrylatasha@yahoo.com,179.155.215.94,dev374,4065********6619,234.22,False
tx0385,2025-03-29 10:23:05,fadams@tempmail.com,217.145.215.216,dev641,4218********8140,480.17,False
tx0386,2025-04-09 02:05:09,jessica13@yahoo.com,48.82.202.75,dev661,4210********5933,219.98,False
tx0387,2025-04-15 03:55:02,bmorris@yahoo.com,59.46.160.194,dev328,4933********7269,372.96,False
tx0388,2025-04-03 13:16:27,johnsonamanda@outlook.com,184.15.55.112,dev276,4495********6266,333.27,False
tx0389,2025-04-04 14:59:55,andersontodd@gmail.com,37.7.31.0,dev809,4618********8275,445.66,False
tx0390,2025-04-18 09:50:18,amberjensen@outlook.com,211.32.58.9,dev178,4557********4380,412.8,False
tx0391,2025-04-19 04:22:42,ifranklin@yahoo.com,213.135.253.19,dev774,4812********2200,469.45,False
tx0392,2025-04-05 10:27:36,hroberts@outlook.com,214.46.236.249,dev947,4480********7343,40.61,False
tx0393,2025-04-19 13:12:44,awilson@yahoo.com,94.244.250.14,dev604,4533********8901,293.28,False
tx0394,2025-03-28 10:41:57,ian32@gmail.com,81.221.147.4,dev500,4270********2935,396.26,False
tx0395,2025-03-24 00:56:07,davidvaldez@gmail.com,193.116.175.92,dev123,4410********8582,105.21,False
tx0396,2025-03-22 00:32:06,piercejustin@outlook.com,176.247.193.82,dev883,4658********7853,62.74,False
tx0397,2025-03-21 04:16:39,rperry@outlook.com,184.11.27.169,dev200,4985********5597,335.31,True
tx0398,2025-03-22 11:10:21,yball@outlook.com,219.85.131.18,dev318,4662********8615,370.28,False
tx0399,2025-03-28 12:33:34,stephanieshaw@mailinator.com,133.210.231.173,dev583,4071********3902,159.04,False
tx0400,2025-04-13 11:16:28,dennis46@outlook.com,97.92.184.112,dev366,4953********7083,258.54,False
tx0401,2025-03-26 01:32:50,kli@yahoo.com,3.100.103.99,dev864,4888********6197,174.23,False
tx0402,2025-03-31 06:21:32,snydermichelle@gmail.com,48.15.244.189,dev278,4737********5914,139.2,False
tx0403,2025-04-13 14:07:27,millerpaul@yahoo.com,208.71.113.89,dev906,4702********2993,172.82,True
tx0404,2025-03-24 09:00:43,richardjones@yahoo.com,1.217.233.108,dev113,4922********2764,42.56,False
tx0405,2025-03-21 02:39:24,vbush@outlook.com,6.130.208.218,dev966,4237********8312,158.19,False
tx0406,2025-04-15 11:49:42,andrealewis@outlook.com,177.146.190.241,dev818,4347********6992,99.98,False
tx0407,2025-04-18 13:38:50,qthompson@outlook.com,135.40.13.11,dev633,4706********4362,348.98,True
tx0408,2025-04-13 09:01:25,janicevilla@outlook.com,52.238.100.130,dev114,4144********8988,469.44,False
tx0409,2025-04-12 04:02:44,patrickkristen@yahoo.com,212.4.15.154,dev557,4966********3841,464.83,False
tx0410,2025-04-15 12:51:38,destinyrichards@outlook.com,174.214.65.4,dev741,4556********7372,229.82,False
tx0411,2025-04-05 11:28:11,wendyjones@outlook.com,216.95.78.12,dev541,4085********9404,18.75,False
tx0412,2025-04-13 19:59:25,lambertkrista@mailinator.com,206.73.116.252,dev982,4584********9043,340.51,True
tx0413,2025-04-03 18:28:34,danielmckinney@gmail.com,73.67.17.144,dev538,4280********7497,463.13,False
tx0414,2025-04-17 04:15:35,kerrmichael@yahoo.com,205.117.27.27,dev140,4143********4391,305.96,False
tx0415,2025-04-15 14:10:10,rbecker@yahoo.com,129.50.113.212,dev393,4915********9201,256.83,False
tx0416,2025-03-31 03:00:54,wsimmons@gmail.com,154.105.27.87,dev418,4492********3512,427.38,False
tx0417,2025-04-07 04:59:22,tiffany83@gmail.com,223.161.109.61,dev181,4298********6122,213.87,True
tx0418,2025-04-08 17:38:53,blewis@gmail.com,216.157.186.222,dev541,4717********5470,188.37,False
tx0419,2025-03-26 05:27:35,rhondamcintosh@yahoo.com,212.27.27.174,dev733,4231********6691,460.93,False
tx0420,2025-03-27 04:12:41,susanhines@yahoo.com,139.142.7.82,dev739,4680********2040,182.56,False
tx0421,2025-04-05 01:42:45,brandon20@gmail.com,64.214.49.188,dev895,4128********9245,52.5,False
tx0422,2025-03-28 22:13:37,georgebailey@outlook.com,212.182.255.155,dev648,4557********9728,369.65,False
tx0423,2025-04-04 02:33:54,smithwilliam@yahoo.com,151.5.222.65,dev739,4370********4940,456.92,False
tx0424,2025-04-02 09:54:50,bruce51@outlook.com,34.35.50.0,dev336,4084********5800,393.18,True
tx0425,2025-04-18 00:02:46,billy33@gmail.com,200.101.91.88,dev700,4779********4391,346.73,False
tx0426,2025-03-24 05:53:42,taylorcarr@gmail.com,213.62.244.100,dev794,4838********4902,451.65,False
tx0427,2025-04-05 09:04:21,collinskathy@gmail.com,43.17.36.66,dev653,4343********8086,172.23,False
tx0428,2025-03-22 01:44:45,shawn56@gmail.com,192.82.126.228,dev779,4937********7606,21.88,True
tx0429,2025-04-11 04:56:45,lopezjoel@tempmail.com,199.110.234.134,dev688,4145********4573,353.02,False
tx0430,2025-04-09 20:05:12,hduncan@yahoo.com,82.174.76.158,dev189,4013********9735,416.35,True
tx0431,2025-04-01 13:50:05,rileyrodriguez@dispostable.com,214.80.220.222,dev741,4450********5513,463.19,False
tx0432,2025-03-23 05:55:40,ramirezamber@outlook.com,208.102.237.118,dev478,4096********9723,352.9,False
tx0433,2025-03-27 07:01:38,gonzalezdavid@yahoo.com,194.165.215.229,dev635,4028********4863,480.23,True
tx0434,2025-03-27 03:34:16,larryrogers@outlook.com,83.225.114.59,dev808,4227********5630,398.3,False
tx0435,2025-04-17 15:49:21,cathyedwards@outlook.com,81.41.72.77,dev288,4779********6678,43.75,False
tx0436,2025-03-29 13:56:11,teresa54@outlook.com,216.215.180.245,dev193,4065********9428,467.2,False
tx0437,2025-04-02 18:06:55,christianyoung@gmail.com,199.18.215.53,dev696,4552********1735,405.3,False
tx0438,2025-04-03 00:00:47,donald91@gmail.com,48.230.167.123,dev148,4759********9114,383.35,True
tx0439,2025-04-16 07:16:50,mark16@gmail.com,105.101.148.151,dev536,4864********9162,69.78,False
tx0440,2025-03-25 13:25:25,harrisonmark@outlook.com,129.36.226.215,dev207,4683********3686,177.27,False
tx0441,2025-04-17 08:48:42,mathewcox@gmail.com,209.189.111.91,dev666,4646********4715,225.28,False
tx0442,2025-03-24 19:35:00,brianpetty@gmail.com,50.198.198.126,dev121,4243********1604,364.28,False
tx0443,2025-04-18 17:52:44,hayleymorales@yahoo.com,221.34.225.83,dev388,4859********6928,188.78,False
tx0444,2025-04-17 23:20:34,aprilellis@yahoo.com,80.207.131.81,dev994,4253********7941,229.73,False
tx0445,2025-04-08 09:02:07,fmoore@outlook.com,81.1.127.84,dev356,4160********7957,157.34,False
tx0446,2025-04-12 13:14:17,julie14@gmail.com,161.106.36.126,dev860,4170********2962,398.51,False
tx0447,2025-04-07 07:13:58,jmorgan@outlook.com,109.241.37.135,dev533,4471********5619,319.77,False
tx0448,2025-04-08 15:36:16,johnstonashley@outlook.com,210.194.236.108,dev939,4396********3476,64.29,False
tx0449,2025-03-31 05:40:23,rhonda76@gmail.com,122.27.179.98,dev379,4748********6181,397.56,False
tx0450,2025-03-26 19:34:53,zthompson@outlook.com,143.129.18.208,dev906,4166********8782,17.85,False
tx0451,2025-03-23 07:24:54,alexisaustin@outlook.com,194.71.148.116,dev196,4825********3422,169.83,False
tx0452,2025-04-04 02:49:16,youngmatthew@outlook.com,137.226.219.248,dev725,4364********6726,337.59,False
tx0453,2025-04-14 12:29:49,obright@yahoo.com,141.85.168.243,dev150,4279********8834,127.42,True
tx0454,2025-03-30 08:47:38,pwalker@outlook.com,90.172.136.49,dev762,4191********1911,89.46,False
tx0455,2025-04-16 14:17:17,rjohnston@outlook.com,213.206.123.3,dev913,4467********8761,314.64,False
tx0456,2025-04-02 15:57:56,qburns@dispostable.com,178.217.250.51,dev526,4475********2159,346.03,True
tx0457,2025-04-04 08:17:32,sarahbrown@outlook.com,24.214.198.240,dev149,4185********5662,253.29,False
tx0458,2025-04-07 14:39:36,david62@outlook.com,176.238.221.184,dev559,4777********4475,25.2,False
tx0459,2025-04-11 05:00:51,moralesmary@gmail.com,196.249.76.219,dev862,4279********4758,120.4,True
tx0460,2025-03-21 14:10:35,timothyshaw@yahoo.com,62.43.112.119,dev473,4197********1014,419.59,False
tx0461,2025-04-01 07:35:33,harrisjuan@outlook.com,223.179.69.64,dev753,4346********5776,312.26,False
tx0462,2025-04-12 12:37:52,hayeswilliam@gmail.com,200.4.0.189,dev438,4033********8888,329.25,False
tx0463,2025-04-18 09:23:25,elizabethevans@yahoo.com,179.166.14.248,dev154,4551********7760,77.85,True
tx0464,2025-04-04 05:58:17,matthewedwards@yahoo.com,204.2.150.99,dev318,4471********9587,51.09,False
tx0465,2025-04-07 00:24:27,loriwillis@gmail.com,146.16.77.38,dev761,4912********4748,451.27,False
tx0466,2025-03-28 09:44:23,kelsey18@yahoo.com,183.197.41.8,dev304,4294********1886,455.04,False
tx0467,2025-03-23 21:59:40,markschmidt@outlook.com,82.20.54.3,dev173,4439********8122,281.23,False
tx0468,2025-04-08 00:18:00,mariehunt@yahoo.com,216.33.137.13,dev828,4558********7618,155.69,False
tx0469,2025-04-11 20:55:16,fernandothomas@outlook.com,90.222.16.237,dev991,4177********1170,236.51,False
tx0470,2025-04-03 11:46:44,nrandall@gmail.com,79.219.176.9,dev101,4816********8542,329.94,False
tx0471,2025-04-12 10:19:14,stefanie87@yahoo.com,104.210.78.103,dev593,4565********3184,452.22,False
tx0472,2025-04-03 10:07:53,zmorris@gmail.com,198.158.240.2,dev888,4242********4813,407.55,False
tx0473,2025-04-17 16:37:40,zellis@yahoo.com,72.207.223.12,dev871,4601********1582,364.16,False
tx0474,2025-04-02 17:47:37,buchanankeith@yahoo.com,18.167.143.166,dev188,4508********4197,129.61,False
tx0475,2025-03-23 04:10:42,xperry@outlook.com,222.79.215.29,dev664,4951********2541,219.04,False
tx0476,2025-03-29 20:39:38,svazquez@mailinator.com,47.72.131.221,dev157,4691********3486,474.69,False
tx0477,2025-04-19 08:03:02,tjones@gmail.com,29.103.84.37,dev922,4406********2057,319.47,False
tx0478,2025-04-16 18:33:33,allen98@gmail.com,131.43.125.166,dev214,4570********9967,223.82,False
tx0479,2025-04-10 18:29:28,holtkathleen@gmail.com,187.69.44.37,dev560,4145********6584,353.27,False
tx0480,2025-03-31 20:57:27,erica90@outlook.com,147.52.124.52,dev665,4566********9617,338.57,False
tx0481,2025-04-19 02:26:08,sthomas@outlook.com,182.196.177.8,dev230,4041********2600,337.74,False
tx0482,2025-03-24 10:22:02,fholder@outlook.com,221.82.194.105,dev196,4587********8683,235.79,False
tx0483,2025-04-19 02:21:22,joshuabaldwin@yahoo.com,112.143.150.237,dev698,4948********7754,479.4,False
tx0484,2025-04-02 06:18:37,harrisnancy@outlook.com,138.87.149.173,dev975,4606********8796,134.93,True
tx0485,2025-04-14 18:00:43,bakerjames@outlook.com,205.58.18.231,dev182,4376********1786,432.23,False
tx0486,2025-04-08 13:08:54,gabriellalowery@mailinator.com,19.184.119.205,dev687,4007********9716,231.29,False
tx0487,2025-04-04 21:14:29,mccoyjacob@yahoo.com,109.77.96.66,dev594,4128********4272,19.75,False
tx0488,2025-04-13 23:10:30,stephensnathan@yahoo.com,101.142.140.18,dev288,4828********9097,438.03,False
tx0489,2025-03-31 08:45:58,caitlin15@gmail.com,178.233.149.118,dev571,4479********3717,365.37,True
tx0490,2025-04-07 14:17:01,romanjulie@gmail.com,201.87.254.226,dev772,4945********9878,67.61,False
tx0491,2025-04-09 03:57:29,cesar05@yahoo.com,111.10.252.149,dev560,4532********3162,72.01,True
tx0492,2025-04-14 21:27:44,snyderlaura@gmail.com,56.90.187.34,dev994,4368********4010,139.64,False
tx0493,2025-04-19 01:29:33,kathryn62@gmail.com,215.51.9.186,dev187,4546********9156,19.25,False
tx0494,2025-04-14 15:09:10,katrina69@gmail.com,222.97.172.116,dev739,4700********9407,407.48,False
tx0495,2025-03-30 15:25:10,hardyjessica@gmail.com,167.86.235.251,dev540,4535********5293,354.36,True
tx0496,2025-03-21 05:15:28,chelseywells@yahoo.com,213.168.175.115,dev861,4201********2946,402.65,True
tx0497,2025-04-02 22:42:50,ashlee29@outlook.com,221.213.217.140,dev920,4197********6284,390.72,False
tx0498,2025-04-12 02:57:44,wendy65@outlook.com,29.94.251.190,dev111,4028********4917,58.35,True
tx0499,2025-04-03 20:12:06,ericgoodman@yahoo.com,9.237.179.59,dev504,4292********9274,272.38,False